시설명,시설구분,소재지도로명주소,소재지지번주소,위도,경도,전화번호,운영주체구분,관리기관,기준일
다온요양원,노인의료복지시설,경기도 수원시 장안구 장안로30번길 4 (영화동),경기도 수원시 장안구 영화동 425-2,37.28758218,127.0059801,031-258-2004,개인,수원시 어르신돌봄과,2025-04-11
노블레스아모르파티요양원,노인의료복지시설,경기도 수원시 장안구 장안로496번길 65 (이목동),경기도 수원시 장안구 이목동 90-1,37.31967,126.97133,031-269-5700,개인,수원시 어르신돌봄과,2025-04-11
수원시립노인전문요양원,노인의료복지시설,경기도 수원시 장안구 수일로 33 (파장동),경기도 수원시 장안구 파장동 199-5,37.31265574,126.9952177,031-257-0130,지방자치단체,수원시 어르신돌봄과,2025-04-11
효행노인전문요양원,노인의료복지시설,경기도 수원시 장안구 수일로191번길 84 (조원동),경기도 수원시 장안구 조원동 산 1-9,37.31134229,127.0094094,031-244-9949,법인,수원시 어르신돌봄과,2025-04-11
굿모닝요양원,노인의료복지시설,"경기도 수원시 장안구 정자천로 187, 2층 207호 (정자동, 롯데프라자)",경기도 수원시 장안구 정자동 874-2,37.29656469,126.9954555,031-211-7011,개인,수원시 어르신돌봄과,2025-04-11
수원어르신간호센터,노인의료복지시설,"경기도 수원시 장안구 송정로 96, 5층 (정자동, 벽산그랜드코아)",경기도 수원시 장안구 정자동 9-3,37.29527027,127.0077742,031-258-1001,개인,수원시 어르신돌봄과,2025-04-11
삼성드림요양원,노인의료복지시설,경기도 수원시 장안구 수일로117번길 37 (송죽동),경기도 수원시 장안구 송죽동 산 23-5,37.3108118,127.0039427,031-246-1366,개인,수원시 어르신돌봄과,2025-04-11
북수원요양원,노인의료복지시설,경기도 수원시 장안구 경수대로1220번길 6-38 (파장동),경기도 수원시 장안구 파장동 99-1,37.32077379,126.98967,031-271-0107,개인,수원시 어르신돌봄과,2025-04-11
스텔라실버요양원북수원점,노인의료복지시설,경기도 수원시 장안구 경수대로 1018 (송죽동),경기도 수원시 장안구 송죽동 481-8,37.30689047,127.0007064,031-248-8888,개인,수원시 어르신돌봄과,2025-04-11
선재재활전문요양원,노인의료복지시설,"경기도 수원시 장안구 송정로90번길 3, 3,5,8층 (정자동)",경기도 수원시 장안구 정자동 9-5,37.29540816,127.007287,031-244-5009,개인,수원시 어르신돌봄과,2025-04-11
수원우리요양원,노인의료복지시설,경기도 수원시 장안구 파장로 29 (파장동),경기도 수원시 장안구 파장동 501-16,37.30463082,126.9971979,031-255-2642,개인,수원시 어르신돌봄과,2025-04-11
우리함께요양원포유수원점,노인의료복지시설,"경기도 수원시 장안구 금당로39번길 6, 1호, 301호 (조원동)",경기도 수원시 장안구 조원동 859-3,37.30319441,127.0161027,031-253-1155,개인,수원시 어르신돌봄과,2025-04-11
이레요양원,노인의료복지시설,"경기도 수원시 장안구 대평로 128, 4층 402호 (정자동)",경기도 수원시 장안구 정자동 335-4,37.29893193,126.9913169,031-268-8875,개인,수원시 어르신돌봄과,2025-04-11
명은전문요양센터,노인의료복지시설,"경기도 수원시 장안구 대평로 128, 206호 (정자동, 파크프라자)",경기도 수원시 장안구 정자동 335-4,37.29893193,126.9913169,031-242-1332,법인,수원시 어르신돌봄과,2025-04-11
수원YWCA요양원,노인의료복지시설,"경기도 수원시 장안구 정자천로134번길 34, 3층 (정자동)",경기도 수원시 장안구 정자동 889-2,37.29186568,126.9919454,031-252-5125,법인,수원시 어르신돌봄과,2025-04-11
수원새봄요양원,노인의료복지시설,경기도 수원시 장안구 수성로 308 (영화동),경기도 수원시 장안구 영화동 389-2,37.2912931,127.0059588,031-241-3600,개인,수원시 어르신돌봄과,2025-04-11
평강보훈요양센터,노인의료복지시설,경기도 수원시 장안구 경수대로1220번길 6-5 (파장동),경기도 수원시 장안구 파장동 89-2,37.32037584,126.9890879,031-271-1113,개인,수원시 어르신돌봄과,2025-04-11
효봉노인전문요양원,노인의료복지시설,경기도 수원시 장안구 만석로 219 (송죽동),경기도 수원시 장안구 송죽동 445-2,37.30578489,127.0016009,031-244-1002,개인,수원시 어르신돌봄과,2025-04-11
고운손요양원,노인의료복지시설,경기도 수원시 장안구 파장천로 45-18 (파장동),경기도 수원시 장안구 파장동 274,37.30995879,126.9960972,031-271-3800,개인,수원시 어르신돌봄과,2025-04-11
성심실버케어,노인의료복지시설,경기도 수원시 장안구 장안로478번길 51 (이목동),경기도 수원시 장안구 이목동 65-3,37.32114971,126.9747556,031-207-8877,개인,수원시 어르신돌봄과,2025-04-11
늘푸른요양원,노인의료복지시설,"경기도 수원시 장안구 송정로 96, 2,4층 (정자동, 벽산그랜드코아)",경기도 수원시 장안구 정자동 9-3,37.29527027,127.0077742,031-245-1114,개인,수원시 어르신돌봄과,2025-04-11
수원보훈요양원,노인의료복지시설,경기도 수원시 장안구 광교산로 95 (하광교동),경기도 수원시 장안구 하광교동 431-8,37.29830446,127.0258768,031-240-9006,법인,수원시 어르신돌봄과,2025-04-11
맘편한요양원,노인의료복지시설,"경기도 수원시 장안구 대평로 128, 202호 (정자동)",경기도 수원시 장안구 정자동 335-4,37.29893193,126.9913169,031-268-1338,개인,수원시 어르신돌봄과,2025-04-11
힘찬요양원,노인의료복지시설,경기도 수원시 장안구 경수대로1220번길 30-78 (파장동),경기도 수원시 장안구 파장동 19-4,37.32322293,126.9926416,031-271-1188,개인,수원시 어르신돌봄과,2025-04-11
사회복지법인 죽파재단 감천장요양원,노인의료복지시설,경기도 수원시 장안구 광교산로 22 (영화동),경기도 수원시 장안구 영화동 44-1,37.29327842,127.0211805,031-245-1078,법인,수원시 어르신돌봄과,2025-04-11
한누리노인요양공동생활가정,노인의료복지시설,경기도 수원시 장안구 수일로42번길 8 (파장동),경기도 수원시 장안구 파장동 305-18,37.31182482,126.9956412,031-269-3844,법인,수원시 어르신돌봄과,2025-04-11
보훈원 부설 전문요양센터,노인의료복지시설,경기도 수원시 장안구 광교산로 97 (하광교동),경기도 수원시 장안구 하광교동 440-45,37.29901002,127.0264877,031-250-1518,법인,수원시 어르신돌봄과,2025-04-11
흰돌노인전문요양원,노인의료복지시설,"경기도 수원시 장안구 조원로 86, 3,4,5층 (조원동)",경기도 수원시 장안구 조원동 734-24,37.30088117,127.0161471,031-257-0675,개인,수원시 어르신돌봄과,2025-04-11
행복나라노인전문요양센터 2동,노인의료복지시설,"경기도 수원시 장안구 정조로 1039, 3층 (송죽동)",경기도 수원시 장안구 송죽동 379-1,37.29875133,127.0063565,031-252-7729,법인,수원시 어르신돌봄과,2025-04-11
은혜요양원,노인의료복지시설,"경기도 수원시 장안구 파장로82번길 16, 2층 201호 (파장동, 동영빌딩)",경기도 수원시 장안구 파장동 580-12,37.30708585,126.9925769,031-253-7526,개인,수원시 어르신돌봄과,2025-04-11
장안요양원,노인의료복지시설,"경기도 수원시 장안구 영화로26번길 21, 302호 (영화동, 북문프라자)",경기도 수원시 장안구 영화동 356-1,37.29013963,127.010581,031-255-4499,개인,수원시 어르신돌봄과,2025-04-11
가나요양센터,노인의료복지시설,"경기도 수원시 장안구 서부로 2189, 5층 (율전동)",경기도 수원시 장안구 율전동 99-24,37.30365232,126.9726296,031-216-8810,개인,수원시 어르신돌봄과,2025-04-11
행복나라 노인전문요양센터,노인의료복지시설,"경기도 수원시 장안구 정조로 1039 (송죽동,3층)",경기도 수원시 장안구 송죽동 379-1,37.29875133,127.0063565,031-252-7729,법인,수원시 어르신돌봄과,2025-04-11
유당너싱홈,노인의료복지시설,경기도 수원시 장안구 수일로191번길 26(조원동),경기도 수원시 장안구 조원동 119-3,37.30964477,127.0112074,070-4825-7443,법인,수원시 어르신돌봄과,2025-04-11
행복한중앙요양원,노인의료복지시설,경기도 수원시 권선구 매송고색로 662 (고색동),경기도 수원시 권선구 고색동 406-20,37.24945197,126.9769483,031-295-9811,개인,수원시 어르신돌봄과,2025-04-11
포근한요양원,노인의료복지시설,"경기도 수원시 권선구 일월천로4번길 43-14, 3~4층 (구운동)",경기도 수원시 권선구 구운동 913-1,37.28301645,126.9744948,031-296-0472,개인,수원시 어르신돌봄과,2025-04-11
늘봄실버벨리,노인의료복지시설,경기도 수원시 권선구 세지로126번길 47-22 (권선동),경기도 수원시 권선구 권선동 945-1,37.26310352,127.0229346,031-226-0888,개인,수원시 어르신돌봄과,2025-04-11
수원연세실버벨리,노인의료복지시설,경기도 수원시 권선구 곡반정로 92 (곡반정동),경기도 수원시 권선구 곡반정동 298-1,37.23631633,127.0303516,031-235-6677,법인,수원시 어르신돌봄과,2025-04-11
풀문노블카운티,노인의료복지시설,경기도 수원시 권선구 덕영대로 1156 (세류동),경기도 수원시 권선구 세류동 1128-2,37.25036063,127.0169162,031-221-4018,개인,수원시 어르신돌봄과,2025-04-11
나나재활요양원,노인의료복지시설,경기도 수원시 권선구 상탑로 80-6 (서둔동),경기도 수원시 권선구 서둔동 180-1,37.271283,126.9800378,031-227-5577,개인,수원시 어르신돌봄과,2025-04-11
웃음꽃요양원,노인의료복지시설,경기도 수원시 권선구 서수원로37번길 6-1 (오목천동),경기도 수원시 권선구 오목천동 1183-5,37.23375,126.98085,031-295-1151,개인,수원시 어르신돌봄과,2025-04-11
민들레요양원2,노인의료복지시설,"경기도 수원시 권선구 당진로 20 (당수동, 304호.305호)",경기도 수원시 권선구 당수동 232-22,37.29084167,126.9408854,031-416-6667,개인,수원시 어르신돌봄과,2025-04-11
수원채움요양원,노인의료복지시설,경기도 수원시 권선구 경수대로 287 (세류동),경기도 수원시 권선구 세류동 1101-1,37.25281726,127.0196971,031-305-0060,개인,수원시 어르신돌봄과,2025-04-11
행복이음요양원,노인의료복지시설,"경기도 수원시 권선구 당진로 20, 204호 (당수동, 당수프라자)",경기도 수원시 권선구 당수동 232-22,37.29084167,126.9408854,031-502-0051,개인,수원시 어르신돌봄과,2025-04-11
고색요양원,노인의료복지시설,경기도 수원시 권선구 매송고색로804번길 49-61 (고색동),경기도 수원시 권선구 고색동 209-1,37.25181746,126.9932426,031-295-4044,개인,수원시 어르신돌봄과,2025-04-11
골든네스트케어원,노인의료복지시설,경기도 수원시 권선구 서수원로53번길 25-39 (오목천동),경기도 수원시 권선구 오목천동 746,37.23269715,126.9790337,031-292-8899,개인,수원시 어르신돌봄과,2025-04-11
사과나무요양원,노인의료복지시설,경기도 수원시 권선구 서수원로37번길 27 (오목천동),경기도 수원시 권선구 오목천동 780-20,37.23153,126.97998,031-293-8888,개인,수원시 어르신돌봄과,2025-04-11
감동요양원,노인의료복지시설,"경기도 수원시 권선구 매송고색로 755, 401호 (고색동, 중앙스포츠랜드)",경기도 수원시 권선구 고색동 27-1,37.25285368,126.9869567,031-295-5550,개인,수원시 어르신돌봄과,2025-04-11
뜰안에요양원,노인의료복지시설,경기도 수원시 권선구 서수원로37번길 29 (오목천동),경기도 수원시 권선구 오목천동 782-12,37.23177,126.97951,031-294-2220,개인,수원시 어르신돌봄과,2025-04-11
실버사랑요양원,노인의료복지시설,"경기도 수원시 권선구 금곡로118번길 10, 301호 (금곡동, 일담타워)",경기도 수원시 권선구 금곡동 1088-1,37.27345317,126.9429587,031-291-1333,개인,수원시 어르신돌봄과,2025-04-11
중앙요양원,노인의료복지시설,경기도 수원시 권선구 서수원로53번길 25-43 (오목천동),경기도 수원시 권선구 오목천동 1169,37.23172996,126.9790542,031-291-2166,법인,수원시 어르신돌봄과,2025-04-11
탑케어하우스,노인의료복지시설,경기도 수원시 권선구 서둔로167번길 52 (탑동),경기도 수원시 권선구 탑동 335,37.2678426,126.978774,031-891-9100,개인,수원시 어르신돌봄과,2025-04-11
수원중앙전문요양센터,노인의료복지시설,"경기도 수원시 권선구 권선로 654 (권선동,4층)",경기도 수원시 권선구 권선동 970-5,37.25997877,127.0225987,031-229-9432,법인,수원시 어르신돌봄과,2025-04-11
하나벨리요양원,노인의료복지시설,경기도 수원시 권선구 곡반정로 46-43 (곡반정동),경기도 수원시 권선구 곡반정동 348-1,37.23155605,127.0276057,031-224-4003,개인,수원시 어르신돌봄과,2025-04-11
라온힐요양원,노인의료복지시설,경기도 수원시 권선구 고색로 126 (고색동),경기도 수원시 권선구 고색동 112,37.25200082,126.9905568,031-295-0607,개인,수원시 어르신돌봄과,2025-04-11
새수원복지요양원,노인의료복지시설,"경기도 수원시 권선구 매송고색로503번길 85, 2층 (오목천동)",경기도 수원시 권선구 오목천동 1146,37.24641471,126.9566319,031-291-1995,개인,수원시 어르신돌봄과,2025-04-11
좋은인연요양센터,노인의료복지시설,경기도 수원시 권선구 곡선로49번길 40-2 (곡반정동),경기도 수원시 권선구 곡반정동 549-2,37.24044613,127.0309118,031-222-5858,개인,수원시 어르신돌봄과,2025-04-11
봄빛요양원,노인의료복지시설,경기도 수원시 권선구 정조로 522-2 (세류동),경기도 수원시 권선구 세류동 537-15,37.25580826,127.0116108,031-224-7576,개인,수원시 어르신돌봄과,2025-04-11
다사랑노인복지요양원,노인의료복지시설,경기도 수원시 권선구 노림로6번길 34 (호매실동),경기도 수원시 권선구 호매실동 415-6,37.26635665,126.9565255,031-296-2500,개인,수원시 어르신돌봄과,2025-04-11
섬김요양원,노인의료복지시설,"경기도 수원시 권선구 금곡로118번길 10, 2층 (금곡동, 일담타워)",경기도 수원시 권선구 금곡동 1088-1,37.27345317,126.9429587,031-292-1070,개인,수원시 어르신돌봄과,2025-04-11
새수원노인요양공동생활가정,노인의료복지시설,"경기도 수원시 권선구 매송고색로503번길 85, 1층 (오목천동)",경기도 수원시 권선구 오목천동 1146,37.24641471,126.9566319,031-291-1995,개인,수원시 어르신돌봄과,2025-04-11
온정요양원,노인의료복지시설,"경기도 수원시 권선구 세권로195번길 20-4, 5층 (권선동)",경기도 수원시 권선구 권선동 1048,37.25604536,127.0261022,031-221-5001,개인,수원시 어르신돌봄과,2025-04-11
탑동사랑노인요양공동생활가정,노인의료복지시설,"경기도 수원시 권선구 탑동로 68, 401호 (탑동)",경기도 수원시 권선구 탑동 757-1,37.27495479,126.9738571,031-294-3275,개인,수원시 어르신돌봄과,2025-04-11
가람실버요양원,노인의료복지시설,"경기도 수원시 권선구 세권로195번길 33, 4층 (권선동, SK프라자)",경기도 수원시 권선구 권선동 1053-7,37.25684937,127.026066,031-226-6090,개인,수원시 어르신돌봄과,2025-04-11
이웃동네요양원,노인의료복지시설,"경기도 수원시 권선구 세권로195번길 20-4, 4층 (권선동)",경기도 수원시 권선구 권선동 1048,37.25604536,127.0261022,031-235-6620,개인,수원시 어르신돌봄과,2025-04-11
우리동네요양원,노인의료복지시설,"경기도 수원시 권선구 세권로195번길 20-4, 4층 (권선동)",경기도 수원시 권선구 권선동 1048,37.25604536,127.0261022,070-4647-2441,개인,수원시 어르신돌봄과,2025-04-11
미소1요양원,노인의료복지시설,"경기도 수원시 권선구 탑동로3번길 13, 4층 (탑동)",경기도 수원시 권선구 탑동 835-4,37.26888877,126.9745131,031-304-3000,개인,수원시 어르신돌봄과,2025-04-11
미소요양원,노인의료복지시설,"경기도 수원시 권선구 탑동로3번길 13, 5층 (탑동)",경기도 수원시 권선구 탑동 835-4,37.26888877,126.9745131,031-304-3000,개인,수원시 어르신돌봄과,2025-04-11
수원열린요양원,노인의료복지시설,경기도 수원시 권선구 권선로 678 (권선동),경기도 수원시 권선구 권선동 1030-5,37.25933778,127.0252124,031-232-8580,개인,수원시 어르신돌봄과,2025-04-11
베데스다요양원,노인의료복지시설,경기도 수원시 권선구 서둔로251번길 16-5 (탑동),경기도 수원시 권선구 탑동 22-50,37.27405563,126.9777226,031-293-1450,개인,수원시 어르신돌봄과,2025-04-11
누림요양원,노인의료복지시설,"경기도 수원시 권선구 새터로29번길 33, 1층 (세류동)",경기도 수원시 권선구 세류동 660-2,37.25215802,127.0074288,031-238-2389,개인,수원시 어르신돌봄과,2025-04-11
수원산내들실버센터,노인의료복지시설,"경기도 수원시 팔달구 창룡대로 194, 2층 (우만동)",경기도 수원시 팔달구 우만동 300-2,37.29177733,127.0297804,031-248-7999,개인,수원시 어르신돌봄과,2025-04-11
새미래요양원,노인의료복지시설,경기도 수원시 팔달구 경수대로 579 (인계동),경기도 수원시 팔달구 인계동 952-4,37.27763671,127.0304125,031-267-0205,개인,수원시 어르신돌봄과,2025-04-11
미래노인요양원,노인의료복지시설,경기도 수원시 팔달구 경수대로 557 (인계동),경기도 수원시 팔달구 인계동 953-4,37.27575455,127.0296034,031-225-7824,개인,수원시 어르신돌봄과,2025-04-11
효사랑요양원,노인의료복지시설,"경기도 수원시 팔달구 권광로 211, 7층 (인계동, 동수원메디뷰)",경기도 수원시 팔달구 인계동 1037-3,37.26628013,127.0332508,031-237-3331,개인,수원시 어르신돌봄과,2025-04-11
행궁요양원,노인의료복지시설,경기도 수원시 팔달구 정조로 812 (팔달로1가),경기도 수원시 팔달구 팔달로1가 7-11,37.28056014,127.0168858,031-246-7755,개인,수원시 어르신돌봄과,2025-04-11
주식회사 수원시니어 행복한요양원,노인의료복지시설,"경기도 수원시 팔달구 인계로 126, 2, 7~9층 (인계동)",경기도 수원시 팔달구 인계동 1036-3,37.26714234,127.031261,031-222-0773,법인,수원시 어르신돌봄과,2025-04-11
화단길요양원,노인의료복지시설,"경기도 수원시 팔달구 중부대로 177 (우만동,송림빌딩 8층)",경기도 수원시 팔달구 우만동 445-5,37.27779487,127.0358078,031-302-7799,개인,수원시 어르신돌봄과,2025-04-11
하나재활요양원,노인의료복지시설,경기도 수원시 팔달구 화서문로72번길 33 (북수동),경기도 수원시 팔달구 북수동 281,37.28454643,127.0168589,031-245-2405,개인,수원시 어르신돌봄과,2025-04-11
수원 아노가 요양원,노인의료복지시설,경기도 수원시 팔달구 동말로38번길 4 (화서동),경기도 수원시 팔달구 화서동 184-18,37.27809942,126.998296,031-251-1122,개인,수원시 어르신돌봄과,2025-04-11
봄빛요양센터,노인의료복지시설,"경기도 수원시 팔달구 세지로267번길 14, 1~4층 (인계동)",경기도 수원시 팔달구 인계동 747-5,37.27478914,127.0228513,031-236-2288,개인,수원시 어르신돌봄과,2025-04-11
성루카노인전문요양센터,노인의료복지시설,경기도 수원시 팔달구 경수대로 568 (인계동),경기도 수원시 팔달구 인계동 942-5,37.27627151,127.0309112,031-236-7711,법인,수원시 어르신돌봄과,2025-04-11
로나요양원,노인의료복지시설,경기도 수원시 팔달구 효원로 185 (인계동),경기도 수원시 팔달구 인계동 1008-11,37.26430491,127.0223088,031-223-2330,개인,수원시 어르신돌봄과,2025-04-11
경기실버빌 메디케어센터,노인의료복지시설,"경기도 수원시 팔달구 중부대로128번길 49, 4층 (인계동)",경기도 수원시 팔달구 인계동 953-14,37.27596994,127.0294436,031-893-6588,개인,수원시 어르신돌봄과,2025-04-11
수원 상록수 재활 요양원,노인의료복지시설,"경기도 수원시 팔달구 중부대로128번길 49, 2층 (인계동)",경기도 수원시 팔달구 인계동 953-14,37.27596994,127.0294436,031-226-8090,개인,수원시 어르신돌봄과,2025-04-11
상록수 재활요양원,노인의료복지시설,"경기도 수원시 팔달구 중부대로128번길 49, 2층 (인계동)",경기도 수원시 팔달구 인계동 953-14,37.27596994,127.0294436,031-226-8093,개인,수원시 어르신돌봄과,2025-04-11
수원은빛요양원,노인의료복지시설,"경기도 수원시 팔달구 장안로 3 (화서동,3층)",경기도 수원시 팔달구 화서동 20-2,37.28542206,127.0069439,031-253-2880,개인,수원시 어르신돌봄과,2025-04-11
수원VIP실버케어,노인의료복지시설,경기도 수원시 팔달구 팔달로 24 (고등동),경기도 수원시 팔달구 고등동 235-4,37.27095327,127.0010847,031-254-5055,개인,수원시 어르신돌봄과,2025-04-11
센트럴시니어스요양원,노인의료복지시설,경기도 수원시 팔달구 중부대로125번길 4 (지동),경기도 수원시 팔달구 지동 483-15,37.27873,127.03218,031-258-9393,개인,수원시 어르신돌봄과,2025-04-11
매교예사랑실버케어,노인의료복지시설,경기도 수원시 팔달구 매산로116번길 40 (매교동),경기도 수원시 팔달구 매교동 77-69,37.26958493,127.0140799,031-233-9237,개인,수원시 어르신돌봄과,2025-04-11
동수원요양원,노인의료복지시설,"경기도 수원시 팔달구 중부대로 177, 9층, 2층 (우만동)",경기도 수원시 팔달구 우만동 445-5,37.27779487,127.0358078,031-8002-8588,개인,수원시 어르신돌봄과,2025-04-11
엄마집요양원,노인의료복지시설,"경기도 수원시 팔달구 중부대로 177, 5, 6층 (우만동, 송림빌딩)",경기도 수원시 팔달구 우만동 445-5,37.27779487,127.0358078,031-302-7777,개인,수원시 어르신돌봄과,2025-04-11
두손노인전문요양원,노인의료복지시설,경기도 수원시 팔달구 중부대로10번길 9 (구천동),경기도 수원시 팔달구 구천동 26,37.27462903,127.0175458,031-252-2225,법인,수원시 어르신돌봄과,2025-04-11
가인(嘉人)시니어케어빌,노인의료복지시설,"경기도 수원시 팔달구 팔달로 177, 3~4층 (화서동)",경기도 수원시 팔달구 화서동 32-14,37.2839123,127.0066449,031-257-2988,개인,수원시 어르신돌봄과,2025-04-11
사임당요양원,노인의료복지시설,"경기도 수원시 팔달구 덕영대로697번길 17, 6층 601호 (화서동, 그린프라자)",경기도 수원시 팔달구 화서동 644-6,37.2849386,126.9909599,031-248-2163,개인,수원시 어르신돌봄과,2025-04-11
삼성로 너싱케어,노인의료복지시설,경기도 수원시 영통구 삼성로 29 (신동),경기도 수원시 영통구 신동 503-59,37.24789695,127.0484306,031-213-6690,개인,수원시 어르신돌봄과,2025-04-11
굿모닝재활요양원,노인의료복지시설,경기도 수원시 영통구 신원로 179-19 (신동),경기도 수원시 영통구 신동 384-5,37.25222456,127.0582626,031-202-1138,개인,수원시 어르신돌봄과,2025-04-11
영통마더링요양원,노인의료복지시설,"경기도 수원시 영통구 반달로7번길 40, 8층 802~804호 (영통동, 평익칼라스위트)",경기도 수원시 영통구 영통동 998-1,37.2535354,127.0752076,031-895-6831,개인,수원시 어르신돌봄과,2025-04-11
재활플러스요양원,노인의료복지시설,"경기도 수원시 영통구 영통로 100, 3층 (망포동, 세호프라자)",경기도 수원시 영통구 망포동 532-1,37.23783084,127.0587714,031-205-2140,개인,수원시 어르신돌봄과,2025-04-11
신영통삼성 요양원,노인의료복지시설,"경기도 수원시 영통구 영통로 103, 202호 (망포동, 뉴엘지프라자)",경기도 수원시 영통구 망포동 570-5,37.23738964,127.0583121,031-206-9915,법인,수원시 어르신돌봄과,2025-04-11
스텔라실버요양원영통점,노인의료복지시설,경기도 수원시 영통구 영통로200번길 50 (망포동),경기도 수원시 영통구 망포동 345-1,37.24414448,127.0592687,031-203-8888,개인,수원시 어르신돌봄과,2025-04-11
현대노블카운티,노인의료복지시설,경기도 수원시 영통구 영통로 104 (망포동),경기도 수원시 영통구 망포동 534-4,37.23793154,127.0582898,031-206-2008,개인,수원시 어르신돌봄과,2025-04-11
씨앤더블유너싱홈,노인의료복지시설,경기도 수원시 영통구 매영로45번길 19 (매탄동),경기도 수원시 영통구 매탄동 199-3,37.27002836,127.0479931,031-217-8004,개인,수원시 어르신돌봄과,2025-04-11
영통종합요양센터,노인의료복지시설,"경기도 수원시 영통구 태장로 62, 3층 (망포동)",경기도 수원시 영통구 망포동 651-7,37.23896839,127.05309,031-204-7114,개인,수원시 어르신돌봄과,2025-04-11
효명재가복지센터,재가노인복지시설,"경기도 수원시 장안구 영화로 52, 1층 (영화동)",경기도 수원시 장안구 영화동 450-10,37.29148626,127.0079241,031-254-8400,개인,수원시 어르신돌봄과,2025-04-11
경기나눔복지센터,재가노인복지시설,"경기도 수원시 장안구 영화로 57, B동 101호 (영화동)",경기도 수원시 장안구 영화동 387-10,37.29155486,127.0073882,031-241-9192,개인,수원시 어르신돌봄과,2025-04-11
(주)미래통합재가센터,재가노인복지시설,"경기도 수원시 장안구 장안로 125, 2층 (정자동)",경기도 수원시 장안구 정자동 31-5,37.29466809,126.9996632,031-269-6707,법인,수원시 어르신돌봄과,2025-04-11
스마일시니어 푸른 재가방문요양센터,재가노인복지시설,"경기도 수원시 장안구 송원로 10, 2층 232호 (송죽동, 송죽프라자)",경기도 수원시 장안구 송죽동 395-1,37.2966516,127.0054811,031-241-3852,개인,수원시 어르신돌봄과,2025-04-11
사랑 방문요양 복지센터,재가노인복지시설,"경기도 수원시 장안구 정조로 1094-13, 202호 (송죽동)",경기도 수원시 장안구 송죽동 455-3,37.30319475,127.0028318,031-251-0836,개인,수원시 어르신돌봄과,2025-04-11
다온재활주간보호센터,재가노인복지시설,경기도 수원시 장안구 장안로30번길 4 (영화동),경기도 수원시 장안구 영화동 425-2,37.28758218,127.0059801,031-243-3004,개인,수원시 어르신돌봄과,2025-04-11
안심케어방문요양센터,재가노인복지시설,"경기도 수원시 장안구 수성로304번길 38, 101호 (영화동)",경기도 수원시 장안구 영화동 406-7,37.28978735,127.0065017,031-893-3000,개인,수원시 어르신돌봄과,2025-04-11
수원YWCA방문요양센터,재가노인복지시설,"경기도 수원시 장안구 정자천로134번길 34, 3층 (정자동)",경기도 수원시 장안구 정자동 889-2,37.29186568,126.9919454,031-252-5125,법인,수원시 어르신돌봄과,2025-04-11
(주)아주편한재가복지센터,재가노인복지시설,"경기도 수원시 장안구 경수대로 862 (조원동, 창경빌딩 201호)",경기도 수원시 장안구 조원동 774-3,37.29778908,127.0140307,031-257-8834,법인,수원시 어르신돌봄과,2025-04-11
수원중부 주간보호센터,재가노인복지시설,"경기도 수원시 장안구 경수대로 1030, 5층 (파장동)",경기도 수원시 장안구 파장동 627-9,37.3073354,126.9995894,031-252-4050,개인,수원시 어르신돌봄과,2025-04-11
더나은 재가 복지센터,재가노인복지시설,"경기도 수원시 장안구 장안로76번길 30, 1층 (정자동)",경기도 수원시 장안구 정자동 79-40,37.29182054,127.0045455,031-308-0777,개인,수원시 어르신돌봄과,2025-04-11
정성노인복지센터,재가노인복지시설,경기도 수원시 장안구 연무로13번길 45 (연무동),경기도 수원시 장안구 연무동 236-7,37.29421667,127.0269214,031-207-5736,개인,수원시 어르신돌봄과,2025-04-11
더좋은수원주간보호센터,재가노인복지시설,"경기도 수원시 장안구 경수대로 759 (연무동, 1층)",경기도 수원시 장안구 연무동 202-55,37.29074612,127.0212787,031-247-1005,개인,수원시 어르신돌봄과,2025-04-11
우리함께주간보호센터,재가노인복지시설,"경기도 수원시 장안구 수성로 323, 2~3층 (정자동)",경기도 수원시 장안구 정자동 81-15,37.29227786,127.0074027,031-202-6288,개인,수원시 어르신돌봄과,2025-04-11
수원누네주간보호센터,재가노인복지시설,경기도 수원시 장안구 정조로958번길 1 (영화동),경기도 수원시 장안구 영화동 300-22,37.29296061,127.0114989,031-243-7147,개인,수원시 어르신돌봄과,2025-04-11
청아통합돌봄케어센터,재가노인복지시설,"경기도 수원시 장안구 율전로80번길 1-1, 206호 (율전동)",경기도 수원시 장안구 율전동 409-14,37.29635055,126.9681796,031-890-2338,개인,수원시 어르신돌봄과,2025-04-11
효다함재가복지센터,재가노인복지시설,"경기도 수원시 장안구 장안로 64, 201호 (영화동)",경기도 수원시 장안구 영화동 393-7,37.29034548,127.003824,031-256-5359,개인,수원시 어르신돌봄과,2025-04-11
나눔재가복지센터,재가노인복지시설,"경기도 수원시 장안구 경수대로 890, 2층 (조원동)",경기도 수원시 장안구 조원동 762-16,37.29969832,127.0121076,0507-1419-0775,법인,수원시 어르신돌봄과,2025-04-11
한마음재가센터,재가노인복지시설,"경기도 수원시 장안구 연무로32번길 27, 1층 (연무동)",경기도 수원시 장안구 연무동 218-44,37.2956347,127.0285705,031-244-2226,개인,수원시 어르신돌봄과,2025-04-11
은혜방문요양센터,재가노인복지시설,"경기도 수원시 장안구 화산로 235, 305호 (율전동)",경기도 수원시 장안구 율전동 301-8,37.29948,126.97276,031-305-0111,개인,수원시 어르신돌봄과,2025-04-11
북수원노인주간보호센터,재가노인복지시설,"경기도 수원시 장안구 송원로 63, 2층 (송죽동)",경기도 수원시 장안구 송죽동 506-8,37.30077412,127.0083841,031-246-7080,법인,수원시 어르신돌봄과,2025-04-11
수원데이케어센터,재가노인복지시설,"경기도 수원시 장안구 대평로 128, 306호 (정자동)",경기도 수원시 장안구 정자동 335-4,37.29893193,126.9913169,031-269-7006,개인,수원시 어르신돌봄과,2025-04-11
수원주간보호센터 장안마을,재가노인복지시설,"경기도 수원시 장안구 경수대로 996, 4,5층 (송죽동)",경기도 수원시 장안구 송죽동 214-5,37.30578928,127.002932,031-248-7344,개인,수원시 어르신돌봄과,2025-04-11
함께하는재가복지센터,재가노인복지시설,경기도 수원시 장안구 정자로144번길 34-29 (정자동),경기도 수원시 장안구 정자동 378-20,37.30215591,126.9924119,031-302-9544,개인,수원시 어르신돌봄과,2025-04-11
아리아케어 방문요양 수원 장안센터,재가노인복지시설,"경기도 수원시 장안구 수일로219번길 2, 4층 (조원동)",경기도 수원시 장안구 조원동 53-2,37.30656426,127.0141554,031-257-7351,개인,수원시 어르신돌봄과,2025-04-11
(주)한우리실버케어,재가노인복지시설,"경기도 수원시 장안구 하률로30번길 45-18, 102호 (천천동)",경기도 수원시 장안구 천천동 572-7,37.30041207,126.9771433,031-248-4944,법인,수원시 어르신돌봄과,2025-04-11
해피홈수원재활주간보호센터,재가노인복지시설,"경기도 수원시 장안구 만석로19번길 11-3, 8층 (천천동, 태영프라자)",경기도 수원시 장안구 천천동 528-4,37.2955999,126.9836861,031-255-3500,개인,수원시 어르신돌봄과,2025-04-11
다원재가복지센터,재가노인복지시설,"경기도 수원시 장안구 창훈로29번길 12-20, 1층 (연무동)",경기도 수원시 장안구 연무동 220,37.29593893,127.0298531,031-207-3223,개인,수원시 어르신돌봄과,2025-04-11
더든든 재가복지센터,재가노인복지시설,경기도 수원시 장안구 경수대로1008번길 17-10 (송죽동),경기도 수원시 장안구 송죽동 156,37.30722952,127.0015137,031-241-9855,법인,수원시 어르신돌봄과,2025-04-11
정담재가복지센터,재가노인복지시설,"경기도 수원시 장안구 팔달로259번길 10, 202호 (영화동)",경기도 수원시 장안구 영화동 327-8,37.2893041,127.0132889,031-245-8419,개인,수원시 어르신돌봄과,2025-04-11
(주)세연노인재가복지센터,재가노인복지시설,"경기도 수원시 장안구 영화로50번길 31, 308호 (영화동)",경기도 수원시 장안구 영화동 449-9,37.29208597,127.0093988,031-243-0010,법인,수원시 어르신돌봄과,2025-04-11
아산방문재활간호 재가요양센터,재가노인복지시설,"경기도 수원시 장안구 장안로217번길 14, 301호 (정자동)",경기도 수원시 장안구 정자동 383,37.30179547,126.9934422,031-522-5566,개인,수원시 어르신돌봄과,2025-04-11
(주)아주편한통합복지센터,재가노인복지시설,"경기도 수원시 장안구 조원로 96, 201호 (조원동, 평안빌딩)",경기도 수원시 장안구 조원동 733-14,37.30143765,127.0154827,031-247-7575,법인,수원시 어르신돌봄과,2025-04-11
행복나라 재가센터,재가노인복지시설,"경기도 수원시 장안구 정조로 1039, 3층 (송죽동)",경기도 수원시 장안구 송죽동 379-1,37.29875133,127.0063565,031-252-7729,법인,수원시 어르신돌봄과,2025-04-11
하랑재가노인복지센터,재가노인복지시설,"경기도 수원시 장안구 정조로957번길 25-2, 1층 (영화동)",경기도 수원시 장안구 영화동 347-9,37.29200321,127.0099248,031-242-9144,개인,수원시 어르신돌봄과,2025-04-11
밤밭노인주간보호센터,재가노인복지시설,"경기도 수원시 장안구 상률로 53, 1층 (율전동, 밤밭노인복지관)",경기도 수원시 장안구 율전동 544-12,37.30638504,126.9721083,031-8019-8859,법인,수원시 어르신돌봄과,2025-04-11
나눔재가요양센터,재가노인복지시설,"경기도 수원시 장안구 팔달로 291, 3층 (영화동)",경기도 수원시 장안구 영화동 167-1,37.29079457,127.016322,031-224-2662,법인,수원시 어르신돌봄과,2025-04-11
수원시립노인주간보호센터,재가노인복지시설,"경기도 수원시 장안구 수일로 33, 1층 (파장동)",경기도 수원시 장안구 파장동 199-5,37.31265574,126.9952177,031-248-0141,지방자치단체,수원시 어르신돌봄과,2025-04-11
효경의손길 재가노인지원서비스센터,재가노인복지시설,경기도 수원시 장안구 경수대로754번길 26-17 (연무동),경기도 수원시 장안구 연무동 256-3,37.29166295,127.0240084,031-251-0090,법인,수원시 어르신돌봄과,2025-04-11
엘림방문요양방문목욕센터,재가노인복지시설,경기도 수원시 권선구 매실로 38 (호매실동),경기도 수원시 권선구 호매실동 406-3,37.26736944,126.9551374,031-242-9572,개인,수원시 어르신돌봄과,2025-04-11
믿음재가방문요양센터,재가노인복지시설,"경기도 수원시 권선구 당진로14번길 57, 상가동 206호 (당수동)",경기도 수원시 권선구 당수동 222-4,37.29032751,126.943801,031-362-5106,개인,수원시 어르신돌봄과,2025-04-11
The-편한노인주간보호센터,재가노인복지시설,"경기도 수원시 권선구 세지로94번길 6, 3, 4층 (권선동)",경기도 수원시 권선구 권선동 979,37.25982,127.02059,031-265-8484,개인,수원시 어르신돌봄과,2025-04-11
수원봄봄케어주간보호센터,재가노인복지시설,"경기도 수원시 권선구 권선로 620, 3층전체,4층 401호 (권선동)",경기도 수원시 권선구 권선동 965,37.26100612,127.0191456,031-236-7733,개인,수원시 어르신돌봄과,2025-04-11
수 데이케어센터,재가노인복지시설,"경기도 수원시 권선구 서부로1596번길 10, 수여성병원 별관동 5층 (고색동)",경기도 수원시 권선구 고색동 886-125,37.25150186,126.9765598,031-293-5557,개인,수원시 어르신돌봄과,2025-04-11
버드내재가노인복지센터,재가노인복지시설,"경기도 수원시 권선구 권선로564번길 36, 2층 (세류동)",경기도 수원시 권선구 세류동 483,37.26112824,127.0120752,031-547-6241,법인,수원시 어르신돌봄과,2025-04-11
(주)효자노치원,재가노인복지시설,"경기도 수원시 권선구 경수대로 379, 3층 (권선동)",경기도 수원시 권선구 권선동 961,37.26038748,127.0235537,031-217-1000,법인,수원시 어르신돌봄과,2025-04-11
정성재가복지센터,재가노인복지시설,"경기도 수원시 권선구 탑동로12번길 18, 4층 401호 (탑동)",경기도 수원시 권선구 탑동 302-4,37.27015994,126.9761312,031-8001-2588,개인,수원시 어르신돌봄과,2025-04-11
고은재가복지센터,재가노인복지시설,"경기도 수원시 권선구 권중로 8-1, 1층 (권선동)",경기도 수원시 권선구 권선동 1160-2,37.25664157,127.0329876,031-222-3256,개인,수원시 어르신돌봄과,2025-04-11
케어로,재가노인복지시설,"경기도 수원시 권선구 권선로509번길 2, 101호 (세류동, 동해빌딩)",경기도 수원시 권선구 세류동 230-45,37.26390437,127.0074468,031-308-0601,개인,수원시 어르신돌봄과,2025-04-11
우리동네노인주간보호센터,재가노인복지시설,"경기도 수원시 권선구 권선로 690, 301,401호 (권선동)",경기도 수원시 권선구 권선동 1029-1,37.25894355,127.0265563,031-222-8856,개인,수원시 어르신돌봄과,2025-04-11
돌봄 잘하는 재가복지센터,재가노인복지시설,"경기도 수원시 권선구 고색로78번길 19, 1층 (고색동)",경기도 수원시 권선구 고색동 143-9,37.25034387,126.985824,031-8067-6319,개인,수원시 어르신돌봄과,2025-04-11
웰빙재가노인복지센터,재가노인복지시설,"경기도 수원시 권선구 서수원로 607, 상가 301호 (금곡동)",경기도 수원시 권선구 금곡동 801-18,37.27921412,126.9536247,031-296-5467,개인,수원시 어르신돌봄과,2025-04-11
금호 주야간보호센터,재가노인복지시설,"경기도 수원시 권선구 노림로16번길 10, 1~3층 (호매실동)",경기도 수원시 권선구 호매실동 405-7,37.26712789,126.9549294,031-293-5567,개인,수원시 어르신돌봄과,2025-04-11
수원재가노인지원서비스센터,재가노인복지시설,"경기도 수원시 권선구 세권로42번길 6, 2층 (세류동)",경기도 수원시 권선구 세류동 443-2,37.25916487,127.0089634,031-309-3633,법인,수원시 어르신돌봄과,2025-04-11
미소재가복지센터,재가노인복지시설,"경기도 수원시 권선구 노림로 13, 3층 (호매실동)",경기도 수원시 권선구 호매실동 404-6,37.26705854,126.9543143,031-292-5514,개인,수원시 어르신돌봄과,2025-04-11
케어링주간보호센터 수원 권선점,재가노인복지시설,"경기도 수원시 권선구 세권로195번길 20-3, 2,4층 401402,403호 (권선동)",경기도 수원시 권선구 권선동 1047-9,37.25622059,127.0261929,031-239-7290,법인,수원시 어르신돌봄과,2025-04-11
오목천요양보호사교육원 부설 재가방문요양센터,재가노인복지시설,"경기도 수원시 권선구 삼천병마로1597번길 8, 2층 (오목천동)",경기도 수원시 권선구 오목천동 367-12,37.24513457,126.9632092,031-298-4314,개인,수원시 어르신돌봄과,2025-04-11
마실주야간보호센터,재가노인복지시설,경기도 수원시 권선구 매곡로 6-12 (호매실동),경기도 수원시 권선구 호매실동 473-3,37.26644,126.95317,031-1577-5756,개인,수원시 어르신돌봄과,2025-04-11
하늘빛재가복지센터,재가노인복지시설,"경기도 수원시 권선구 당진로 41, 3층 (당수동)",경기도 수원시 권선구 당수동 148-3,37.29291375,126.9406376,031-408-5787,개인,수원시 어르신돌봄과,2025-04-11
"""더편한""방문요양센터",재가노인복지시설,"경기도 수원시 권선구 경수대로302번길 32, 107호 (권선동)",경기도 수원시 권선구 권선동 1188-2,37.25271498,127.0222966,031-546-2748,개인,수원시 어르신돌봄과,2025-04-11
케어플래닛재가복지행복센터,재가노인복지시설,"경기도 수원시 권선구 서수원로591번길 26, 4층 (금곡동)",경기도 수원시 권선구 금곡동 77-8,37.27838773,126.9541912,031-292-3290,개인,수원시 어르신돌봄과,2025-04-11
수원굿데이케어센터,재가노인복지시설,"경기도 수원시 권선구 경수대로 193, 10층 (세류동, 세류비즈타워)",경기도 수원시 권선구 세류동 1155-9,37.24446739,127.0172042,031-226-3614,개인,수원시 어르신돌봄과,2025-04-11
더수원어르신재활노치원,재가노인복지시설,"경기도 수원시 권선구 권광로 68, 7층 (권선동, (교연빌딩))",경기도 수원시 권선구 권선동 1066-2,37.2539856,127.0290869,031-1666-8853,개인,수원시 어르신돌봄과,2025-04-11
(A+)효심청재가복지센터,재가노인복지시설,경기도 수원시 권선구 정조로565번길 8 (세류동),경기도 수원시 권선구 세류동 478-3,37.25975369,127.0121307,031-267-1011,개인,수원시 어르신돌봄과,2025-04-11
로뎀재가노인복지센터,재가노인복지시설,"경기도 수원시 권선구 금호로15번길 15, 상가동 2층 (금곡동, 신미주아파트)",경기도 수원시 권선구 금곡동 262-27,37.27006264,126.9529947,031-298-9854,개인,수원시 어르신돌봄과,2025-04-11
하나케어 방문간호 전국센터,재가노인복지시설,"경기도 수원시 권선구 일월천로4번길 55, 201호 (구운동)",경기도 수원시 권선구 구운동 912-4,37.28268277,126.9752243,070-4115-8886,법인,수원시 어르신돌봄과,2025-04-11
다온재가복지센터,재가노인복지시설,"경기도 수원시 권선구 수성로 18, 강남아파트상가제2동 207호 (구운동)",경기도 수원시 권선구 구운동 463,37.28202132,126.9761303,031-291-5580,개인,수원시 어르신돌봄과,2025-04-11
서광노인가정방문요양센터,재가노인복지시설,경기도 수원시 권선구 상탑로 117 (서둔동),경기도 수원시 권선구 서둔동 199-8,37.27106285,126.98406,031-291-1550,개인,수원시 어르신돌봄과,2025-04-11
보람찬어르신센터,재가노인복지시설,경기도 수원시 권선구 금곡로 5-31 (금곡동),경기도 수원시 권선구 금곡동 757-9,37.2694338,126.9379295,031-296-6588,개인,수원시 어르신돌봄과,2025-04-11
나래실버케어,재가노인복지시설,"경기도 수원시 권선구 동수원로82번길 28, 상가동 101호 (곡반정동)",경기도 수원시 권선구 곡반정동 578,37.23739128,127.0288758,031-222-3242,개인,수원시 어르신돌봄과,2025-04-11
테레사간호통합방문센터,재가노인복지시설,"경기도 수원시 권선구 세화로151번길 3-1, 2층 (서둔동)",경기도 수원시 권선구 서둔동 22-11,37.26516337,126.9936566,031-308-7424,개인,수원시 어르신돌봄과,2025-04-11
참조은주간보호요양센터,재가노인복지시설,"경기도 수원시 권선구 오목천로57번길 10-21, 202302402호 (오목천동)",경기도 수원시 권선구 오목천동 213-1,37.24060609,126.9698789,031-294-8880,개인,수원시 어르신돌봄과,2025-04-11
더수원어르신종합돌봄센터,재가노인복지시설,"경기도 수원시 권선구 정조로 445, 2층 (세류동)",경기도 수원시 권선구 세류동 590-3,37.24904432,127.0123465,031-1666-8853,개인,수원시 어르신돌봄과,2025-04-11
베스트노인복지센터,재가노인복지시설,"경기도 수원시 권선구 동수원로146번길 39, 201호 (곡반정동, 승린빌딩)",경기도 수원시 권선구 곡반정동 515-6,37.24448576,127.0316752,031-891-6204,개인,수원시 어르신돌봄과,2025-04-11
해와밀방문요양센터,재가노인복지시설,"경기도 수원시 권선구 세권로221번길 34, 1층 (권선동)",경기도 수원시 권선구 권선동 1042,37.25611582,127.0292007,031-221-5808,개인,수원시 어르신돌봄과,2025-04-11
부모사랑방문요양센터1호점,재가노인복지시설,경기도 수원시 권선구 탑동 840번지 2호 201호,경기도 수원시 권선구 탑동 840-2,37.27035,126.97674,031-278-9902,개인,수원시 어르신돌봄과,2025-04-11
수원굿데이케어센터,재가노인복지시설,"경기도 수원시 권선구 경수대로191번길 9, 10층 (세류동, 세류비즈타워)",경기도 수원시 권선구 세류동 1162,37.2441629,127.016806,031-226-3614,개인,수원시 어르신돌봄과,2025-04-11
든든재가복지센터,재가노인복지시설,"경기도 수원시 권선구 서부로1880번길 20, 상가동 203, 204호 (구운동, 아이엘오페라하우스)",경기도 수원시 권선구 구운동 972,37.27573404,126.9694424,031-293-5596,개인,수원시 어르신돌봄과,2025-04-11
김은숙 노인복지센터,재가노인복지시설,"경기도 수원시 권선구 세지로82번길 45, 1층 (권선동)",경기도 수원시 권선구 권선동 984-7,37.2584748,127.0203081,031-8019-9985,개인,수원시 어르신돌봄과,2025-04-11
가람실버밸리요양원,재가노인복지시설,"경기도 수원시 권선구 권중로76번길 26, 3층 (권선동)",경기도 수원시 권선구 권선동 1259-11,37.25259082,127.0289411,031-226-6090,개인,수원시 어르신돌봄과,2025-04-11
A+엔젤노인복지센터,재가노인복지시설,경기도 수원시 권선구 경수대로277번길 14-13 (세류동),경기도 수원시 권선구 세류동 1103-11,37.25272559,127.0187804,031-224-0660,개인,수원시 어르신돌봄과,2025-04-11
뉴라이프 재가복지센터,재가노인복지시설,"경기도 수원시 권선구 고현로5번길 25, 207호 (고색동, 거산아파트 상가)",경기도 수원시 권선구 고색동 306-1,37.24786927,126.9860796,031-292-4620,개인,수원시 어르신돌봄과,2025-04-11
서호재가노인복지센터,재가노인복지시설,"경기도 수원시 권선구 구운로4번길 34, 2층 (구운동)",경기도 수원시 권선구 구운동 501,37.27849556,126.976192,031-291-0911,법인,수원시 어르신돌봄과,2025-04-11
시선재가노인복지센터,재가노인복지시설,"경기도 수원시 권선구 덕영대로 1086, 2층 (세류동)",경기도 수원시 권선구 세류동 544-31,37.25391536,127.0105405,070-7431-1316,법인,수원시 어르신돌봄과,2025-04-11
주식회사 케어프렌드,재가노인복지시설,"경기도 수원시 권선구 구운중로32번길 19, 1층 (구운동)",경기도 수원시 권선구 구운동 498-10,37.27730433,126.9754399,031-812-0084,법인,수원시 어르신돌봄과,2025-04-11
한마음 주야간보호센터,재가노인복지시설,"경기도 수원시 권선구 금호로 56, 302호 (호매실동, 한우리빌딩)",경기도 수원시 권선구 호매실동 82-10,37.26960359,126.9578738,031-295-8121,개인,수원시 어르신돌봄과,2025-04-11
수원산내들주야간보호센터,재가노인복지시설,"경기도 수원시 팔달구 창룡대로 194, 1층 (우만동)",경기도 수원시 팔달구 우만동 300-2,37.29177733,127.0297804,031-248-7999,개인,수원시 어르신돌봄과,2025-04-11
세류복지센터,재가노인복지시설,"경기도 수원시 팔달구 정조로 651, 244호 (매교동)",경기도 수원시 팔달구 매교동 161,37.26666941,127.0156538,031-236-0701,개인,수원시 어르신돌봄과,2025-04-11
아리아케어 방문요양 팔달센터,재가노인복지시설,"경기도 수원시 팔달구 중부대로 110, 210호 (인계동)",경기도 수원시 팔달구 인계동 206,37.27745492,127.0288104,031-898-6641,개인,수원시 어르신돌봄과,2025-04-11
경기인효주간보호센터,재가노인복지시설,"경기도 수원시 팔달구 중부대로128번길 49, 5층 (인계동)",경기도 수원시 팔달구 인계동 953-14,37.27596994,127.0294436,031-232-0335,개인,수원시 어르신돌봄과,2025-04-11
수원참사랑재활주간보호센터,재가노인복지시설,"경기도 수원시 팔달구 경수대로 487, 5층 (인계동)",경기도 수원시 팔달구 인계동 966-7,37.26963598,127.0272278,031-221-6512,개인,수원시 어르신돌봄과,2025-04-11
더수원어르신재활노치원동수원점,재가노인복지시설,"경기도 수원시 팔달구 중부대로125번길 14, 1~4층 (지동)",경기도 수원시 팔달구 지동 483-9,37.27895234,127.0299957,031-1666-8853,개인,수원시 어르신돌봄과,2025-04-11
엘리홈 재가복지센터,재가노인복지시설,"경기도 수원시 팔달구 팔달문로75번길 68, 101호 (지동)",경기도 수원시 팔달구 지동 475-13,37.2824162,127.0270078,031-241-9788,개인,수원시 어르신돌봄과,2025-04-11
(주)사랑마루데이케어센터,재가노인복지시설,"경기도 수원시 팔달구 중부대로 6, 5층 (중동, 신원빌딩)",경기도 수원시 팔달구 중동 33,37.2750073,127.0174738,031-248-0248,법인,수원시 어르신돌봄과,2025-04-11
덕원노인복지센터,재가노인복지시설,"경기도 수원시 팔달구 팔달문로140번길 1, 1층 좌측끝호 (우만동)",경기도 수원시 팔달구 우만동 551-5,37.28246166,127.0315424,031-214-8248,개인,수원시 어르신돌봄과,2025-04-11
(주)은파방문요양센터,재가노인복지시설,"경기도 수원시 팔달구 정조로 862-1, 201호 (북수동)",경기도 수원시 팔달구 북수동 215,37.28506067,127.0161007,031-245-7517,법인,수원시 어르신돌봄과,2025-04-11
다정재가복지센터,재가노인복지시설,"경기도 수원시 팔달구 창룡대로150번길 42, 1층 (우만동)",경기도 수원시 팔달구 우만동 471-1,37.28950379,127.0277037,031-254-7888,개인,수원시 어르신돌봄과,2025-04-11
은하방문요양센터,재가노인복지시설,"경기도 수원시 팔달구 정조로 651, 224호 (매교동, 매교종합상가)",경기도 수원시 팔달구 매교동 161,37.26666941,127.0156538,031-238-3336,개인,수원시 어르신돌봄과,2025-04-11
HAPPY동행노인복지센터,재가노인복지시설,경기도 수원시 팔달구 팔달문로131번길 54 (우만동),경기도 수원시 팔달구 우만동 507-8,37.2846452,127.0292573,031-202-3350,개인,수원시 어르신돌봄과,2025-04-11
'(A)비지팅엔젤스 수원팔달방문요양지점,재가노인복지시설,"경기도 수원시 팔달구 인계로 120, 1516호 (인계동, 스마트타워)",경기도 수원시 팔달구 인계동 1035-5,37.26686,127.03284,031-211-4003,개인,수원시 어르신돌봄과,2025-04-11
(주)행복한케어,재가노인복지시설,"경기도 수원시 팔달구 매산로20번길 23, 401호 (매산로2가)",경기도 수원시 팔달구 매산로2가 101-1,37.26634764,127.0034167,031-241-3370,법인,수원시 어르신돌봄과,2025-04-11
드림케어센터,재가노인복지시설,"경기도 수원시 팔달구 세지로174번길 23-1, 2,3층 (인계동)",경기도 수원시 팔달구 인계동 988-7,37.2667727,127.0231482,031-231-1198,개인,수원시 어르신돌봄과,2025-04-11
수원행복한케어주간보호센터,재가노인복지시설,"경기도 수원시 팔달구 경수대로692번길 34, 1층 (우만동)",경기도 수원시 팔달구 우만동 486-3,37.28760414,127.0288248,031-241-6500,개인,수원시 어르신돌봄과,2025-04-11
인계누리재가복지센터,재가노인복지시설,"경기도 수원시 팔달구 중부대로 194, 5층 (인계동)",경기도 수원시 팔달구 인계동 164,37.27654322,127.0372939,031-303-9819,개인,수원시 어르신돌봄과,2025-04-11
스마트재가복지센터,재가노인복지시설,"경기도 수원시 팔달구 권선로 477, 상가동 1층 108호 (매산로2가, 대한대우아파트)",경기도 수원시 팔달구 매산로2가 90-5,37.26457142,127.0033544,031-224-6031,개인,수원시 어르신돌봄과,2025-04-11
진아재가복지센터,재가노인복지시설,"경기도 수원시 팔달구 장다리로306번길 13, 지하층 012~013호 (인계동, 신반포아파트)",경기도 수원시 팔달구 인계동 319-6,37.27394404,127.0312224,031-232-2001,개인,수원시 어르신돌봄과,2025-04-11
(주)동부복지센터중앙재가센터,재가노인복지시설,"경기도 수원시 팔달구 장다리로 276, 701호 (인계동)",경기도 수원시 팔달구 인계동 957,37.27396966,127.0282196,031-237-1518,법인,수원시 어르신돌봄과,2025-04-11
(주)디케어 재가복지센터,재가노인복지시설,"경기도 수원시 팔달구 경수대로 720-1, 2층 (우만동)",경기도 수원시 팔달구 우만동 598-20,37.28946262,127.0256764,031-241-9957,법인,수원시 어르신돌봄과,2025-04-11
백세통합재가센터,재가노인복지시설,"경기도 수원시 팔달구 경수대로 459, 301호 (인계동)",경기도 수원시 팔달구 인계동 979-3,37.26729175,127.0263643,031-223-0703,개인,수원시 어르신돌봄과,2025-04-11
365재가실버케어,재가노인복지시설,"경기도 수원시 팔달구 갓매산로 14-15, 101호 (매산로3가)",경기도 수원시 팔달구 매산로3가 105-25,37.26688796,127.0064762,031-238-1002,개인,수원시 어르신돌봄과,2025-04-11
아지트재가복지센터,재가노인복지시설,"경기도 수원시 팔달구 경수대로446번길 60, 202호 (인계동)",경기도 수원시 팔달구 인계동 1031-16,37.26497007,127.0296444,031-237-0543,개인,수원시 어르신돌봄과,2025-04-11
우리재가복지센터,재가노인복지시설,"경기도 수원시 팔달구 권광로364번길 7-2, 상가동 B02호 (우만동, 현대아파트)",경기도 수원시 팔달구 우만동 129-9,37.28034196,127.038016,031-222-9077,개인,수원시 어르신돌봄과,2025-04-11
늘봄재가복지센터,재가노인복지시설,"경기도 수원시 팔달구 권광로 159, 604호 (인계동)",경기도 수원시 팔달구 인계동 1046-19,37.26212165,127.0315905,031-267-2057,개인,수원시 어르신돌봄과,2025-04-11
팔달노인주간보호센터,재가노인복지시설,경기도 수원시 팔달구 수원천로 343 (북수동),경기도 수원시 팔달구 북수동 284-2,37.28394986,127.0173816,031-248-3800,법인,수원시 어르신돌봄과,2025-04-11
희망의료기,재가노인복지시설,"경기도 수원시 팔달구 중부대로 100, 103호 (인계동, 풍림빌딩)",경기도 수원시 팔달구 인계동 208-5,37.27693758,127.0275151,031-233-7337,개인,수원시 어르신돌봄과,2025-04-11
실버케어 마스터,재가노인복지시설,"경기도 수원시 팔달구 팔달로 177, 화서동 B1호 (화서동)",경기도 수원시 팔달구 화서동 32-14,37.2839123,127.0066449,031-244-4936,개인,수원시 어르신돌봄과,2025-04-11
나누리 재가복지센터,재가노인복지시설,"경기도 수원시 영통구 동수원로514번길 15, 102호호 (매탄동)",경기도 수원시 영통구 매탄동 130-10,37.27224538,127.0472895,031-8067-8357,개인,수원시 어르신돌봄과,2025-04-11
"""(A)""해바라기방문요양센터",재가노인복지시설,"경기도 수원시 영통구 삼성로 274, 114호 (원천동)",경기도 수원시 영통구 원천동 332-2,37.26561297,127.064363,031-212-2166,개인,수원시 어르신돌봄과,2025-04-11
행복플러스노인복지센터,재가노인복지시설,경기도 수원시 영통구 매여울로10번길 12-18 (매탄동),경기도 수원시 영통구 매탄동 196-100,37.27152648,127.0485406,031-216-0148,개인,수원시 어르신돌봄과,2025-04-11
(A)바로노인복지센터,재가노인복지시설,"경기도 수원시 영통구 봉영로1759번길 17, 408호 (영통동, Y.T오피스텔)",경기도 수원시 영통구 영통동 947-8,37.26590897,127.0806754,031-226-1700,개인,수원시 어르신돌봄과,2025-04-11
라온노인복지센터,재가노인복지시설,경기도 수원시 영통구 동탄원천로1115번길 6 (원천동),경기도 수원시 영통구 원천동 209-122,37.26930063,127.0587038,031-246-5002,개인,수원시 어르신돌봄과,2025-04-11
가연 노인복지센터,재가노인복지시설,"경기도 수원시 영통구 매여울로 18, 1층 (매탄동)",경기도 수원시 영통구 매탄동 196-81,37.27080912,127.0473047,031-306-6691,개인,수원시 어르신돌봄과,2025-04-11
경인재가복지센터,재가노인복지시설,"경기도 수원시 영통구 산남로67번길 25, 1층 (매탄동)",경기도 수원시 영통구 매탄동 199-51,37.26934467,127.0479475,031-212-0775,개인,수원시 어르신돌봄과,2025-04-11
새평강재가복지센터,재가노인복지시설,경기도 수원시 영통구 매원로 8 (매탄동),경기도 수원시 영통구 매탄동 208-4,37.26664547,127.0469255,031-306-7152,개인,수원시 어르신돌봄과,2025-04-11
아리아케어 방문요양 영통센터,재가노인복지시설,"경기도 수원시 영통구 반달로7번길 30, 5층 516호 (영통동, 르네상스 시티프라자)",경기도 수원시 영통구 영통동 998-2,37.25319221,127.0748967,031-206-8467,개인,수원시 어르신돌봄과,2025-04-11
더평안노인복지센터,재가노인복지시설,"경기도 수원시 영통구 매영로 10, 207호 (매탄동, 삼성아파트 상가동)",경기도 수원시 영통구 매탄동 810,37.2701205,127.0434332,031-213-8898,개인,수원시 어르신돌봄과,2025-04-11
노블시니어 방문요양센터,재가노인복지시설,"경기도 수원시 영통구 청명로 7, 505호 (영통동)",경기도 수원시 영통구 영통동 1021-4,37.24841858,127.0788939,031-546-0971,개인,수원시 어르신돌봄과,2025-04-11
광교 임의원 부설 방문간호센터,재가노인복지시설,"경기도 수원시 영통구 광교중앙로248번길 7-2, B동 202호 (하동)",경기도 수원시 영통구 하동 989-5,37.29103336,127.0666707,031-546-3554,개인,수원시 어르신돌봄과,2025-04-11
예일노인복지센터,재가노인복지시설,"경기도 수원시 영통구 동수원로 316, 306호 (매탄동)",경기도 수원시 영통구 매탄동 1162,37.2584379,127.0383357,031-237-1225,개인,수원시 어르신돌봄과,2025-04-11
영통데이케어센터,재가노인복지시설,"경기도 수원시 영통구 영통로 115, 3층 (망포동, 3층 303호, 304호, 6층 603호, 604호 (망포동, 신영통알파빌딩))",경기도 수원시 영통구 망포동 559-3,37.23791891,127.0568406,031-204-6090,개인,수원시 어르신돌봄과,2025-04-11
에덴주간보호센터,재가노인복지시설,"경기도 수원시 영통구 영통로 103, 401호 (망포동, 뉴엘지프라자)",경기도 수원시 영통구 망포동 570-5,37.23738964,127.0583121,031-202-2030,개인,수원시 어르신돌봄과,2025-04-11
길사랑 데이케어,재가노인복지시설,"경기도 수원시 영통구 영통로 100, 601호 (망포동, 세호프라자)",경기도 수원시 영통구 망포동 532-1,37.23783084,127.0587714,031-8067-8423,개인,수원시 어르신돌봄과,2025-04-11
효벤트 주간보호센터,재가노인복지시설,"경기도 수원시 영통구 영통로200번길 75, 3층 (영통동)",경기도 수원시 영통구 영통동 1117,37.24428122,127.0609566,031-273-0468,개인,수원시 어르신돌봄과,2025-04-11
소리간호요양센터,재가노인복지시설,"경기도 수원시 영통구 영통로112번길 30, 3층 15호 (망포동)",경기도 수원시 영통구 망포동 540-5,37.23923876,127.0566438,0507-1338-3743,개인,수원시 어르신돌봄과,2025-04-11
헬레나의원 부설 재가복지센터,재가노인복지시설,"경기도 수원시 영통구 영통로 103, 201호 (망포동, 뉴엘지프라자)",경기도 수원시 영통구 망포동 570-5,37.23738964,127.0583121,031-204-5947,개인,수원시 어르신돌봄과,2025-04-11
광교재가복지센터,재가노인복지시설,"경기도 수원시 영통구 법조로149번길 182, 103호 (하동)",경기도 수원시 영통구 하동 971,37.29298023,127.0708593,031-216-0240,개인,수원시 어르신돌봄과,2025-04-11
더케어재활주간보호 광교,재가노인복지시설,"경기도 수원시 영통구 대학3로4번길 12, 305호 (이의동)",경기도 수원시 영통구 이의동 1257-3,37.29993993,127.0434279,031-215-9373,개인,수원시 어르신돌봄과,2025-04-11
태평양재가복지센터,재가노인복지시설,경기도 수원시 영통구 매탄로37번길 19 (매탄동),경기도 수원시 영통구 매탄동 1172-1,37.25561885,127.0392983,031-267-3991,개인,수원시 어르신돌봄과,2025-04-11
힘찬노인복지센터,재가노인복지시설,"경기도 수원시 영통구 효원로 383, 10층 1001호 (매탄동, 매탄프라자)",경기도 수원시 영통구 매탄동 1267-2,37.25927242,127.0436268,031-216-9952,개인,수원시 어르신돌봄과,2025-04-11
삼성노인복지센터,재가노인복지시설,"경기도 수원시 영통구 반달로7번길 16, 5층 509호 (영통동)",경기도 수원시 영통구 영통동 998-4,37.25265793,127.0743947,031-895-6601,개인,수원시 어르신돌봄과,2025-04-11
헬레나재활 주간보호센터,재가노인복지시설,"경기도 수원시 영통구 영통로 103, 203호 (망포동)",경기도 수원시 영통구 망포동 570-5,37.23738964,127.0583121,031-204-2631,개인,수원시 어르신돌봄과,2025-04-11
수원 참 인지재활 주간보호센터,재가노인복지시설,"경기도 수원시 영통구 태장로 81, 6층 (망포동, 신영통E타운)",경기도 수원시 영통구 망포동 382-3,37.2397824,127.0548414,031-203-7496,개인,수원시 어르신돌봄과,2025-04-11
효성 방문요양센터,재가노인복지시설,"경기도 수원시 영통구 봉영로1770번길 21, 301호 (영통동, 한국아파트)",경기도 수원시 영통구 영통동 1054-4,37.26741745,127.0830811,031-273-9123,개인,수원시 어르신돌봄과,2025-04-11
부모사랑 재가복지센터,재가노인복지시설,"경기도 수원시 영통구 매탄로168번길 24, 1층 (매탄동)",경기도 수원시 영통구 매탄동 833-6,37.26489752,127.0467282,031-211-0074,개인,수원시 어르신돌봄과,2025-04-11
올바른방문요양센터,재가노인복지시설,"경기도 수원시 영통구 매원로12번길 9, 103호 (매탄동)",경기도 수원시 영통구 매탄동 209-20,37.26617751,127.0472778,0507-1472-0393,개인,수원시 어르신돌봄과,2025-04-11
광교주야간보호센터,재가노인복지시설,"경기도 수원시 영통구 웰빙타운로36번길 46-121, 201, 301호 (이의동)",경기도 수원시 영통구 이의동 586-1,37.30949679,127.0518689,031-242-8884,개인,수원시 어르신돌봄과,2025-04-11
영통고은빛 방문요양,재가노인복지시설,"경기도 수원시 영통구 동수원로537번길 35-2, B층 (원천동)",경기도 수원시 영통구 원천동 72-54,37.27452983,127.0469657,031-265-3371,개인,수원시 어르신돌봄과,2025-04-11
건강샘재가복지센터,재가노인복지시설,"경기도 수원시 영통구 영통로501번길 28-1, 5층 (영통동)",경기도 수원시 영통구 영통동 952-5,37.26477896,127.0769114,031-294-2102,개인,수원시 어르신돌봄과,2025-04-11
새봄재가복지매탄센터,재가노인복지시설,"경기도 수원시 영통구 산남로 87, 1층 104호 (매탄동)",경기도 수원시 영통구 매탄동 196-136,37.27079218,127.0492913,031-213-5535,개인,수원시 어르신돌봄과,2025-04-11
으뜸재가복지센터,재가노인복지시설,"경기도 수원시 영통구 매여울로 3-1, 101호 (매탄동)",경기도 수원시 영통구 매탄동 199-10,37.27016224,127.0486812,031-212-2204,개인,수원시 어르신돌봄과,2025-04-11
삼성재가케어센터,재가노인복지시설,"경기도 수원시 영통구 삼성로 274, 143, 144호 (원천동)",경기도 수원시 영통구 원천동 332-2,37.26561297,127.064363,031-212-5118,개인,수원시 어르신돌봄과,2025-04-11
더사랑 재가복지센터,재가노인복지시설,"경기도 수원시 영통구 광교중앙로 236, 201호 (하동)",경기도 수원시 영통구 하동 987-2,37.2917575,127.0660602,031-212-6443,개인,수원시 어르신돌봄과,2025-04-11
영통노인주간보호센터,재가노인복지시설,"경기도 수원시 영통구 반달로 45, 2층 (영통동)",경기도 수원시 영통구 영통동 1012-5,37.25068498,127.0773858,031-201-8356,법인,수원시 어르신돌봄과,2025-04-11
채움케어재가복지센터,재가노인복지시설,"경기도 수원시 영통구 광교중앙로 170, A동 810호 (하동)",경기도 수원시 영통구 하동 1016,37.28812459,127.0607027,031-302-1486,개인,수원시 어르신돌봄과,2025-04-11
홈닥터 방문간호센터,재가노인복지시설,"경기도 수원시 영통구 광교중앙로 232, 301호 (하동, 드림타워4)",경기도 수원시 영통구 하동 987,37.29158774,127.0655942,070-4801-6679,개인,수원시 어르신돌봄과,2025-04-11
금손재가복지센터,재가노인복지시설,"경기도 수원시 영통구 대학4로 42, 102호 (이의동)",경기도 수원시 영통구 이의동 1242,37.29863614,127.0485109,031-212-8864,개인,수원시 어르신돌봄과,2025-04-11
실버디바이스,재가노인복지시설,"경기도 수원시 영통구 법조로 25, 오피스동 2704호 (하동, 광교 SK VIEW Lake)",경기도 수원시 영통구 하동 1016-1,37.28748089,127.0601784,070-8800-3259,법인,수원시 어르신돌봄과,2025-04-11
가족사랑드림 복지용구,재가노인복지시설,"경기도 수원시 영통구 매탄로 202, 1층 (매탄동)",경기도 수원시 영통구 매탄동 207-20,37.26816994,127.0469332,070-7578-4564,법인,수원시 어르신돌봄과,2025-04-11
중앙양로원,노인주거복지시설,경기도 수원시 권선구 서수원로53번길 25-43 (오목천동),경기도 수원시 권선구 오목천동 1169,37.2317435,126.9791087,031-291-2188,법인,수원시 어르신돌봄과,2025-04-11
아녜스의집,노인주거복지시설,경기도 수원시 장안구 서부로 2162-12 (천천동),경기도 수원시 장안구 천천동 575-1 아녜스의집,37.30078602,126.974097,031-269-1009,법인,수원시 어르신돌봄과,2025-04-11
감천장양로원,노인주거복지시설,경기도 수원시 장안구 광교산로 22 (영화동),경기도 수원시 장안구 영화동 33-1 감천장,37.29328794,127.0211627,031-251-1951,법인,수원시 어르신돌봄과,2025-04-11
평화의모후원,노인주거복지시설,경기도 수원시 장안구 수일로179번길 35(조원동),경기도 수원시 장안구 조원동 136-1 평화의모후원,37.30882217,127.0087752,031-241-1466,법인,수원시 어르신돌봄과,2025-04-11
보훈원,노인주거복지시설,경기도 수원시 장안구 광교산로 97 (하광교동),경기도 수원시 장안구 하광교동 428-2 국립보훈원,37.29893402,127.0264864,031-250-1521,법인,수원시 어르신돌봄과,2025-04-11
유당마을,노인주거복지시설,경기도 수원시 장안구 수일로191번길 26 (조원동),경기도 수원시 장안구 조원동 119-3번지,37.30929846,127.0106002,031-242-0079,법인,수원시 어르신돌봄과,2025-04-11
광교아르데코,노인주거복지시설,경기도 수원시 영통구 광교로42번길 80 (이의동),경기도 수원시 영통구 이의동 1358번지,37.28660163,127.0445123,031-215-3435,법인,수원시 어르신돌봄과,2025-04-11
광교 두산위브,노인주거복지시설,경기도 수원시 영통구 광교중앙로 55 (원천동),경기도 수원시 영통구 원천동 556번지,37.28036265,127.0512392,031-308-9400,법인,수원시 어르신돌봄과,2025-04-11
